,precision,recall,f1-score,support,predicted,ACC,AUC
0,0.94,0.98,0.96,172.0,179.0,0.9441340782122905,0.998306285669915
1,1.0,1.0,1.0,2396.0,2389.0,0.9987442444537463,0.998306285669915
macro avg,0.97,0.99,0.98,2568.0,,,
weighted avg,1.0,0.99,0.99,2568.0,,,
acc/total,0.99,,,,,0.99,0.998306285669915
micro average,0.97,0.99,0.98,,,,
