,precision,recall,f1-score,support,predicted,ACC,AUC
0,0.93,0.31,0.46,171.0,57.0,0.9298245614035088,0.8861649674178493
1,0.95,1.0,0.98,2397.0,2511.0,0.9530067702110713,0.7710600726541705
macro avg,0.94,0.65,0.72,2568.0,,,
weighted avg,0.95,0.95,0.94,2568.0,,,
acc/total,0.95,,,,,0.95,0.7710356756862258
micro average,0.94,0.65,0.72,,,,
