,precision,recall,f1-score,support,predicted,ACC,AUC
0,0.86,0.11,0.19,177.0,22.0,0.8636363636363636,0.881079471747868
1,0.94,1.0,0.97,2391.0,2546.0,0.9379418695993715,0.6885377604812776
macro avg,0.9,0.55,0.58,2568.0,,,
weighted avg,0.93,0.94,0.91,2568.0,,,
acc/total,0.94,,,,,0.94,0.6885283088417725
micro average,0.9,0.55,0.58,,,,
