,precision,recall,f1-score,support,predicted,ACC,AUC
0,0.83,0.14,0.24,173.0,29.0,0.8275862068965517,0.8465010197062762
1,0.94,1.0,0.97,2395.0,2539.0,0.9413154785348562,0.7052940253659478
macro avg,0.88,0.57,0.6,2568.0,,,
weighted avg,0.93,0.94,0.92,2568.0,,,
acc/total,0.94,,,,,0.94,0.7052807510830608
micro average,0.88,0.57,0.6,,,,
