,precision,recall,f1-score,support,predicted,ACC,AUC
0,0.94,0.1,0.18,172.0,18.0,0.9444444444444444,0.881677796327212
1,0.94,1.0,0.97,2396.0,2550.0,0.9392156862745098,0.6471590247311411
macro avg,0.94,0.55,0.57,2568.0,,,
weighted avg,0.94,0.94,0.92,2568.0,,,
acc/total,0.94,,,,,0.94,0.6471735838801104
micro average,0.94,0.55,0.57,,,,
