,precision,recall,f1-score,support,predicted,ACC,AUC
0,0.95,0.11,0.2,175.0,21.0,0.9523809523809523,0.8142797444928662
1,0.94,1.0,0.97,2393.0,2547.0,0.939144091087554,0.6742916840785625
macro avg,0.95,0.56,0.59,2568.0,,,
weighted avg,0.94,0.94,0.92,2568.0,,,
acc/total,0.94,,,,,0.94,0.6742916840785624
micro average,0.95,0.56,0.59,,,,
