,precision,recall,f1-score,support,predicted,ACC,AUC
0,0.83,0.12,0.2,172.0,24.0,0.8333333333333334,0.884715805412121
1,0.94,1.0,0.97,2396.0,2544.0,0.940251572327044,0.645740720969057
macro avg,0.89,0.56,0.59,2568.0,,,
weighted avg,0.93,0.94,0.92,2568.0,,,
acc/total,0.94,,,,,0.94,0.6457492138059557
micro average,0.89,0.56,0.59,,,,
