,precision,recall,f1-score,support,predicted,ACC,AUC
0,0.48,0.54,0.51,172.0,195.0,0.0,0.8495651667507862
1,0.97,0.96,0.96,2396.0,2373.0,0.0,0.8379457526109407
macro avg,0.72,0.75,0.73,2568.0,,,
weighted avg,0.93,0.93,0.93,2568.0,,,
acc/total,0.93,,,,,,0.8381786989944481
micro average,0.72,0.75,0.73,,,,
