,precision,recall,f1-score,support,predicted,ACC,AUC
0,0.0,0.0,0.0,16.0,,0.0,0.6652462121212122
1,0.89,1.0,0.94,132.0,148.0,0.8918918918918919,0.6652462121212122
macro avg,0.45,0.5,0.47,148.0,,,
weighted avg,0.8,0.89,0.84,148.0,,,
acc/total,0.89,,,,,0.89,0.6652462121212122
micro average,0.45,0.5,0.47,,,,
