,precision,recall,f1-score,support,predicted,AUC
0,0.94,1.0,0.97,44.0,47.0,0.9997502497502498
1,1.0,0.97,0.98,91.0,88.0,0.9997502497502497
macro avg,0.97,0.98,0.98,135.0,,
weighted avg,0.98,0.98,0.98,135.0,,
acc/total,0.98,,,,,0.9997502497502497
micro average,0.97,0.98,0.98,,,
