,precision,recall,f1-score,support,predicted,ACC,AUC
0,0.89,0.99,0.94,172.0,191.0,0.0,0.9979192549598167
1,1.0,0.99,1.0,2396.0,2377.0,0.0,0.9979192549598167
macro avg,0.94,0.99,0.97,2568.0,,,
weighted avg,0.99,0.99,0.99,2568.0,,,
acc/total,0.99,,,,,,0.9979192549598167
micro average,0.94,0.99,0.97,,,,
