,precision,recall,f1-score,support,predicted,ACC,AUC
0,1.0,0.94,0.97,16.0,15.0,1.0,0.9995265151515151
1,0.99,1.0,1.0,132.0,133.0,0.9924812030075187,0.9995265151515151
macro avg,1.0,0.97,0.98,148.0,,,
weighted avg,0.99,0.99,0.99,148.0,,,
acc/total,0.99,,,,,0.99,0.9995265151515151
micro average,1.0,0.97,0.98,,,,
