,precision,recall,f1-score,support,predicted,ACC,AUC
0,0.79,0.56,0.66,170.0,122.0,0.7868852459016393,0.9464627385566403
1,0.97,0.99,0.98,2398.0,2446.0,0.9697465249386754,0.8880844331060197
macro avg,0.88,0.78,0.82,2568.0,,,
weighted avg,0.96,0.96,0.96,2568.0,,,
acc/total,0.96,,,,,0.96,0.8881028307903645
micro average,0.88,0.78,0.82,,,,
