,precision,recall,f1-score,support,predicted,ACC,AUC
0,0.95,1.0,0.98,20.0,21.0,0.9523809523809523,0.9996153846153847
1,1.0,0.99,1.0,130.0,129.0,1.0,0.9996153846153846
macro avg,0.98,1.0,0.99,150.0,,,
weighted avg,0.99,0.99,0.99,150.0,,,
acc/total,0.99,,,,,0.99,0.9996153846153846
micro average,0.98,1.0,0.99,,,,
