,precision,recall,f1-score,support,predicted,ACC,AUC
0,0.45,0.07,0.13,174.0,29.0,0.4482758620689655,0.8287421139054533
1,0.94,0.99,0.96,2394.0,2539.0,0.936589208349744,0.6673052362707536
macro avg,0.69,0.53,0.55,2568.0,,,
weighted avg,0.9,0.93,0.91,2568.0,,,
acc/total,0.93,,,,,0.93,0.6672992346767301
micro average,0.69,0.53,0.55,,,,
