,precision,recall,f1-score,support,predicted,ACC,AUC
0,0.8,1.0,0.89,12.0,15.0,0.8,0.9972014925373135
1,1.0,0.98,0.99,134.0,131.0,1.0,0.9972014925373135
macro avg,0.9,0.99,0.94,146.0,,,
weighted avg,0.98,0.98,0.98,146.0,,,
acc/total,0.98,,,,,0.98,0.9972014925373135
micro average,0.9,0.99,0.94,,,,
