,precision,recall,f1-score,support,predicted,ACC,AUC
0,0.0,0.0,0.0,172.0,,0.0,0.589583656869977
1,0.93,1.0,0.97,2396.0,2568.0,0.0,0.589582443607563
macro avg,0.47,0.5,0.48,2568.0,,,
weighted avg,0.87,0.93,0.9,2568.0,,,
acc/total,0.93,,,,,,0.589583656869977
micro average,0.47,0.5,0.48,,,,
