,precision,recall,f1-score,support,predicted,ACC,AUC
0,0.75,0.22,0.34,174.0,51.0,0.7450980392156863,0.8517270186961657
1,0.95,0.99,0.97,2394.0,2517.0,0.9459674215335717,0.7485884250857028
macro avg,0.85,0.61,0.65,2568.0,,,
weighted avg,0.93,0.94,0.93,2568.0,,,
acc/total,0.94,,,,,0.94,0.7486508416635459
micro average,0.85,0.61,0.65,,,,
