,precision,recall,f1-score,support,predicted,ACC,AUC
0,0.84,0.25,0.39,172.0,51.0,0.8431372549019608,0.9393356660325348
1,0.95,1.0,0.97,2396.0,2517.0,0.9487485101311085,0.8224075008735491
macro avg,0.9,0.62,0.68,2568.0,,,
weighted avg,0.94,0.95,0.93,2568.0,,,
acc/total,0.95,,,,,0.95,0.8224633109445976
micro average,0.9,0.62,0.68,,,,
