,precision,recall,f1-score,support,predicted,ACC,AUC
0,0.85,0.98,0.91,172.0,199.0,0.0,0.9934969134604185
1,1.0,0.99,0.99,2396.0,2369.0,0.0,0.9934969134604186
macro avg,0.92,0.99,0.95,2568.0,,,
weighted avg,0.99,0.99,0.99,2568.0,,,
acc/total,0.99,,,,,,0.9934969134604186
micro average,0.92,0.99,0.95,,,,
