,precision,recall,f1-score,support,predicted,ACC,AUC
0,0.0,0.0,0.0,254.0,,0.0,0.5005077860528098
1,0.92,1.0,0.96,2954.0,3208.0,0.9208229426433915,0.5
macro avg,0.46,0.5,0.48,3208.0,,,
weighted avg,0.85,0.92,0.88,3208.0,,,
acc/total,0.92,,,,,0.92,0.5005077860528098
micro average,0.46,0.5,0.48,,,,
