,precision,recall,f1-score,support,predicted,ACC,AUC
0,0.49,0.75,0.59,172.0,265.0,0.0,0.918729617191443
1,0.98,0.94,0.96,2396.0,2303.0,0.0,0.9193216892495244
macro avg,0.73,0.85,0.78,2568.0,,,
weighted avg,0.95,0.93,0.94,2568.0,,,
acc/total,0.93,,,,,,0.9185791726520947
micro average,0.73,0.85,0.78,,,,
