,precision,recall,f1-score,support,predicted,ACC,AUC
0,0.73,0.65,0.68,172.0,153.0,0.0,0.8741616356718562
1,0.97,0.98,0.98,2396.0,2415.0,0.0,0.8742138059556624
macro avg,0.85,0.81,0.83,2568.0,,,
weighted avg,0.96,0.96,0.96,2568.0,,,
acc/total,0.96,,,,,,0.8739942054587103
micro average,0.85,0.81,0.83,,,,
