,precision,recall,f1-score,support,predicted,ACC,AUC
0,0.1,0.49,0.17,172.0,827.0,0.0,0.6420002329463835
1,0.95,0.69,0.8,2396.0,1741.0,0.0,0.6420002329463835
macro avg,0.53,0.59,0.48,2568.0,,,
weighted avg,0.89,0.68,0.76,2568.0,,,
acc/total,0.68,,,,,,0.6420002329463835
micro average,0.53,0.59,0.48,,,,
