,precision,recall,f1-score,support,predicted,ACC,AUC
0,0.89,0.98,0.93,172.0,189.0,0.8888888888888888,0.9963820514811507
1,1.0,0.99,0.99,2396.0,2379.0,0.9983186212694409,0.9963820514811508
macro avg,0.94,0.98,0.96,2568.0,,,
weighted avg,0.99,0.99,0.99,2568.0,,,
acc/total,0.99,,,,,,0.9963820514811508
micro average,0.94,0.98,0.96,,,,
