,precision,recall,f1-score,support,predicted,ACC,AUC
0,0.47,0.49,0.48,172.0,177.0,0.4745762711864407,0.8779191093683272
1,0.96,0.96,0.96,2396.0,2391.0,0.9631953157674613,0.8665277885623326
macro avg,0.72,0.72,0.72,2568.0,,,
weighted avg,0.93,0.93,0.93,2568.0,,,
acc/total,0.93,,,,,,0.8665617599099275
micro average,0.72,0.72,0.72,,,,
