,precision,recall,f1-score,support,predicted,ACC,AUC
0,0.94,0.95,0.95,173.0,175.0,0.9885714285714285,0.9989631502890173
1,1.0,1.0,1.0,2400.0,2398.0,1.0008340283569641,0.9989631502890173
macro avg,0.97,0.97,0.97,2573.0,,,
weighted avg,0.99,0.99,0.99,2573.0,,,
acc/total,0.99,,,,,,0.9989631502890173
micro average,0.97,0.97,0.97,,,,
