,precision,recall,f1-score,support,predicted,ACC,AUC
0,0.94,0.97,0.95,173.0,178.0,0.9719101123595506,0.998811416184971
1,1.0,1.0,1.0,2400.0,2395.0,1.0020876826722338,0.998811416184971
macro avg,0.97,0.98,0.97,2573.0,,,
weighted avg,0.99,0.99,0.99,2573.0,,,
acc/total,0.99,,,,,,0.998811416184971
micro average,0.97,0.98,0.97,,,,
