,precision,recall,f1-score,support,predicted,ACC,AUC
0,0.8,0.25,0.39,173.0,55.0,3.1454545454545455,0.8468906551059732
1,0.95,1.0,0.97,2400.0,2518.0,0.9531374106433678,0.7398976396917148
macro avg,0.87,0.62,0.68,2573.0,,,
weighted avg,0.94,0.95,0.93,2573.0,,,
acc/total,0.95,,,,,,0.7398651252408478
micro average,0.87,0.62,0.68,,,,
