,precision,recall,f1-score,support,predicted,ACC,AUC
0,0.64,0.28,0.39,173.0,77.0,0.6363636363636364,0.830007225433526
1,0.95,0.99,0.97,2400.0,2496.0,0.9503205128205128,0.7794400289017341
macro avg,0.79,0.64,0.68,2573.0,,,
weighted avg,0.93,0.94,0.93,2573.0,,,
acc/total,0.94,,,,,,0.7796290944123314
micro average,0.79,0.64,0.68,,,,
