,precision,recall,f1-score,support,predicted,ACC,AUC
0,0.64,0.27,0.38,173.0,72.0,0.6388888888888888,0.8670206475436543
1,0.95,0.99,0.97,2395.0,2496.0,0.9491185897435898,0.797487540275381
macro avg,0.79,0.63,0.67,2568.0,,,
weighted avg,0.93,0.94,0.93,2568.0,,,
acc/total,0.94,,,,,0.94,0.797555118442806
micro average,0.79,0.63,0.67,,,,
