,precision,recall,f1-score,support,predicted,ACC,AUC
0,0.93,0.93,0.93,14.0,14.0,0.9285714285714286,0.9994629430719656
1,0.99,0.99,0.99,133.0,133.0,0.9924812030075187,0.9994629430719657
macro avg,0.96,0.96,0.96,147.0,,,
weighted avg,0.99,0.99,0.99,147.0,,,
acc/total,0.99,,,,,0.99,0.9994629430719656
micro average,0.96,0.96,0.96,,,,
